Question,Answer
1. What was the plan created by leaders from 193 countries in 2015 to address global challenges?,The plan created by leaders from 193 countries in 2015 to address global challenges is called the Sustainable Development Goals (SDGs).
2. How many Sustainable Development Goals (SDGs) are included in the plan?,There are a total of 17 Sustainable Development Goals (SDGs) included in the plan.
3. What is the goal related to ending extreme poverty by 2030?,"The goal related to ending extreme poverty by 2030 is to ""End extreme poverty in all forms by 2030."""
4. How has hunger decreased globally in the past 20 years?,Hunger has decreased globally in the past 20 years by almost half. Many countries that used to suffer from famine and hunger can now meet the nutritional needs of their most vulnerable people.
5. What is the goal related to ensuring healthy lives and promoting well-being for all ages?,The goal related to ensuring healthy lives and promoting well-being for all ages is to ensure healthy lives and promote well-being for all at all ages.
6. What is the goal related to achieving gender equality and empowering women and girls?,"The goal related to achieving gender equality and empowering women and girls is ""ACHIEVE GENDER EQUALITY AND EMPOWER ALL WOMEN AND GIRLS."""
7. Why is it important to take urgent action to combat climate change?,"It is important to take urgent action to combat climate change because the drastic effects of climate change are being seen in every country in the world. The increase in global mean temperature needs to be limited to two degrees Celsius above pre-industrial levels to avoid the worst effects of climate change. By reducing the loss of life and property through helping vulnerable regions become more resilient, we can work towards a sustainable future for all."
8. How can individuals support the Sustainable Development Goals by 2030?,"Individuals can support the Sustainable Development Goals by taking various actions such as:

1. Making donations to organizations working towards the SDGs.
2. Starting fundraisers to raise money and create awareness.
3. Spreading the word about the SDGs on social media.
4. Supporting sustainable consumption and production patterns.
5. Taking urgent action to combat climate change and its impacts.
6. Ensuring access to clean water and sanitation for all.
7. Promoting gender equality and empowering women and girls.
8. Ensuring access to affordable, reliable, sustainable energy for all.
9. Supporting inclusive and sustainable economic growth.
10. Promoting innovation and technological progress for sustainable development.

These are just a few ways individuals can contribute to achieving the Sustainable Development Goals by 2030."
9. What are some ways to promote sustainable consumption and production patterns?,"Some ways to promote sustainable consumption and production patterns include managing natural resources efficiently, reducing and recycling waste, cutting per capita food waste globally, and encouraging responsible consumption patterns by businesses and consumers."
10. How can countries work together to achieve the Sustainable Development Goals according to the text?,"Countries can work together to achieve the Sustainable Development Goals by promoting peaceful and inclusive societies, providing access to justice for all, building effective, accountable, and inclusive institutions at all levels, and strengthening the means of implementation and revitalizing the global partnership for sustainable development. Additionally, reducing inequality within and among countries, ensuring sustainable consumption and production patterns, taking urgent action to combat climate change and its impacts, conserving and sustainably using the oceans, seas, and marine resources, and promoting sustained, inclusive, and sustainable economic growth are all ways countries can collaborate to achieve the goals."
